Plate_No,Sub_Status,Location,Parking
NID5945,Down,univation,
NLD3579,Running,univation,
NLD3506,Running,univation,SOC 5 EP
NLD1772,Down,univation,SOC 5 EP
NLD1766,Running,univation,SOC 5 EP
NLD1924,Running,univation,SOC 5 EP
NLD1663,Running,SOC6,SOC 5 EP
NLD1849,Running,univation,SOC 5 EP
NLD1962,Down,univation,SOC 5 EP
NLD3683,Running,SOC6,SOC 5 EP
NLD3316,Running,SOC4,SOC 5 EP
NLD3612,Down,univation,SOC 5 EP
NLD3665,Running,univation,SOC 5 EP
NLD3574,Running,,SOC 5 EP
NLD3582,Running,univation,SOC 5 EP
NLD3628,Running,univation,SOC 5 EP
NLD3618,Running,univation,SOC 5 EP
NLD3469,Running,univation,SOC 5 EP
NLD3593,Down,univation,SOC 5 EP
NLD3546,Running,univation,SOC 5 EP
NLD3365,Running,univation,SOC 5 EP
NLD1476,Down,SOC6,SOC 5 EP
NLD3524,Running,univation,SOC 6 EP
NLD3603,Down,SOC6,SOC 6 EP
NLD3542,Running,univation,SOC 6 EP
NLD3672,Running,univation,SOC 5 EP
NDZ5486,Running,univation,SOC 5 EP
NDZ5482,Running,SOC6,SOC 8
NDZ5481,Running,SOC6,SOC 6 EP
NEW2763,Down,SOC6,SOC 6 EP
NEW2757,Running,SOC6,SOC 6 EP
NEW2753,Running,SOC6,SOC 8
NEW2752,Running,SOC6,SOC 8
NEW5168,Running,SOC6,SOC 8
NEW5172,Running,SOC6,SOC 8
NGQ5758,Running,SOC6,SOC 11
NEO3007,Running,univation,SOC 8
NEO3010,Running,univation,SOC 8
NEO9848,Running,SOC4,SOC 6 EP
NID5948,Running,SOC4,SOC 6 EP
NEO9900,Running,SOC4,SOC 6 EP
NEO9856,Running,univation,SOC 8
NEO9899,Down,univation,SOC 8
NEV9329,Running,SOC4,SOC 11
NEV9331,Running,univation,SOC 8
NIE1518,Running,univation,SOC 11
NEX4218,Running,univation,SOC 8
NEX4213,Down,univation,SOC 8
NEX4229,Running,univation,SOC 6 EP
CBB4181,Running,univation,SOC 11
NEX4232,Running,univation,SOC 8
NGQ5756,Running,univation,SOC 11
NGQ5776,Running,univation,SOC 8
NGQ5749,Down,univation,SOC 11
NGQ5754,Down,univation,SOC 11
NGQ5824,Running,,SOC 8
NGQ5765,Running,univation,SOC 6 EP
NGQ5827,Running,univation,SOC 8
NID5932,Running,univation,SOC 8
NID5947,Running,univation,SOC 8
NGQ5833,Running,univation,SOC 8
NID5956,Running,univation,SOC 6 EP
NID5938,Running,univation,SOC 8
NIE1512,Running,univation,SOC 8
NIE1507,Running,univation,SOC 11
NID5937,Running,SOC 4,SOC 8
NID5936,Down,univation,SOC 5 EP
NIE1503,Running,univation,SOC 8
NIE1517,Down,univation,SOC 8
CBB4156,Running,univation,SOC 8
CBB4157,Down,univation,SOC 11
CBB4192,Down,univation,SOC 5 EP
NDA3386,Down,SOC 4,SOC 6 EP
NDA3381,Running,univation,SOC 6 EP
NDA3391,Down,univation,SOC 6 EP
NDA3379,Down,univation,SOC 6 EP
NDA3393,Running,univation,SOC 6 EP
NDA3382,Running,univation,SOC 6 EP
NDA3388,Running,univation,SOC 6 EP
NDA3383,Running,SOC6,SOC 6 EP
NDA3390,Running,univation,SOC 6 EP
NDZ5474,Down,SOC4,SOC 6 EP
DAJ4548,Running,isuzu pasig,SOC 6 EP
DAJ4549,Down,univation,SOC 6 EP
DAJ4552,Running,univation,SOC 6 EP
DAJ4553,Running,univation,SOC 6 EP
DAJ4550,Running,univation,SOC 6 EP
DAJ4534,Down,univation,SOC 6 EP
DAJ4524,Down,univation,SOC 6 EP
DAJ4525,Running,univation,SOC 6 EP
DAJ4535,Down,univation,SOC 6 EP
DAJ4529,Running,univation,SOC 6 EP
DAJ4531,Down,univation,SOC 6 EP
DAJ4532,Down,univation,SOC 6 EP
DAJ4541,Down,univation,SOC 6 EP
DAJ4546,Down,univation,SOC 6 EP
DAJ4527,Down,univation,SOC 6 EP
DAJ5053,Running,univation,SOC 6 EP
DAJ4523,Running,univation,SOC 6 EP
DAJ4539,Down,N/A,SOC 6 EP
DAJ4537,Down,univation,SOC 6 EP
DAJ4528,Running,univation,SOC 6 EP
DAJ4538,Down,univation,SOC 6 EP
DAJ4536,Down,univation,SOC 6 EP
DAJ4540,Down,univation,SOC 6 EP
DAJ4543,Down,univation,SOC 6 EP
DAJ4526,Down,,
NDA3403,Down,,SOC 6 EP
NDA3404,Down,univation,SOC 6 EP
NDZ5478,Running,univation,SOC 6 EP
NEW2760,Running,,SOC 6 EP
NEW2745,Running,univation,SOC 6 EP
NEW2765,Running,,SOC 6 EP
NEW2770,Running,univation,SOC 6 EP
NEW5165,Running,univation,SOC 6 EP
NEO3006,Running,SOC4,SOC 6 EP
NEO9851,Running,univation,SOC 6 EP
NEO9846,Running,univation,SOC 6 EP
NEO9853,Running,univation,SOC 6 EP
NEV9342,Running,isuzu pasig,SOC 6 EP
NEV9335,Running,univation,SOC 6 EP
NEX4216,Running,univation,SOC 6 EP
NEX4219,Running,isuzu pasig,SOC 6 EP
NEX4220,Running,univation,SOC 6 EP
NFC4857,Down,univation,SOC 6 EP
NGQ5761,Running,univation,SOC 6 EP
NGQ5775,Down,univation,SOC 6 EP
NGQ5769,Running,SOC6,SOC 6 EP
NIE1502,Down,univation,SOC 6 EP
NID5930,Running,univation,SOC 6 EP
CBB4130,Running,SOC4,SOC 6 EP
CBB4155,Running,univation,SOC 6 EP
NDA3380,Down,univation,SOC 6 EP
CBB4200,Down,univation,SOC 5 EP
NDZ5479,Down,SOC6,SOC 6 EP
NDZ5476,Running,univation,SOC 6 EP
NDZ5483,Down,SOC4,SOC 6 EP
NDZ5485,Running,univation,SOC 6 EP
NEW2756,Running,univation,SOC 6 EP
NEW2754,Running,univation,SOC 6 EP
NEO9857,Running,univation,SOC 6 EP
NEO3004,Down,univation,SOC 6 EP
NEV9344,Running,univation,SOC 6 EP
NFI1335,Down,univation,SOC 6 EP
NGQ5772,Running,Restokar,SOC 6 EP
NGQ5823,Down,univation,SOC 6 EP
NGQ5819,Down,univation,SOC 6 EP
NGQ5766,Running,univation,SOC 6 EP
CBB4126,Running,univation,SOC 6 EP
NGQ5770,Running,univation,SOC 6 EP
NLD1606,Running,univation,SOC 6 EP
NLD1813,Running,univation,SOC 5 EP
NLD1846,Running,univation,SOC 5 EP
NLD1604,Running,univation,SOC 5 EP
NLD1733,Running,univation,SOC 5 EP
NLD1445,Running,univation,SOC 5 EP
NLD1939,Running,univation,SOC 5 EP
NLD1548,Down,univation,SOC 5 EP
NLD1363,Running, ,SOC 5 EP
NLD1386,Down,univation,SOC 6 EP
NLD1446,Running,univation,SOC 6 EP
NLD1465,Running,BTLC,SOC 6 EP
NLD1466,Running,univation,SOC 6 EP
NLD1479,Running,univation,SOC 6 EP
NLD1544,Running,Soc3,SOC 6 EP
NLD1563,Running,SOC4,SOC 6 EP
NLD1564,Running,univation,SOC 6 EP
NLD1574,Running,SOC4,SOC 6 EP
NLD1593,Running,univation,SOC 6 EP
NLD1619,Running,SOC4,SOC 6 EP
NLD1639,Running,univation,SOC 6 EP
NLD1647,Running,,SOC 6 EP
NLD1748,Running,univation,SOC 6 EP
NLD1757,Running,,SOC 6 EP
NLD1796,Running,univation,SOC 6 EP
NLD1943,Running,univation,SOC 6 EP
NLD1976,Running,univation,SOC 6 EP
NLD3314,Running,univation,SOC 6 EP
NLD3609,Running,univation,SOC 5 EP
NLD3644,Running,SOC4,SOC 5 EP
NLD3383,Running,univation,SOC 5 EP
NLD3552,Running,univation,SOC 5 EP
NLD3674,Running,univation,SOC 5 EP
NLD3635,Running,univation,SOC 5 EP
NLD3576,Running,univation,SOC 5 EP
NLD3592,Running,univation,SOC 5 EP
NLD3638,Running,univation,SOC 5 EP
NLD3658,Running,univation,SOC 5 EP
NLD3567,Down,univation,SOC 5 EP
NLD3604,Running,univation,SOC 6 EP
NLD3615,Running,univation,SOC 6 EP
NLD3625,Running,univation,SOC 6 EP
NLD3666,Running,univation,SOC 6 EP
NLD3677,Running,univation,SOC 6 EP
NLD3682,Running,univation,SOC 6 EP
NLD3689,Running,univation,SOC 6 EP
NLD3297,Down,,SOC 6 EP
NLD3533,Running,univation,SOC 11
NLD3318,Running,univation,SOC 8
NLD3584,Running,univation,SOC 8
NLD3663,Running,univation,SOC 8
NLD1388,Running,univation,SOC 8
NLD1412,Running,univation,SOC 6 EP
NLD1454,Running,univation,SOC 6 EP
NLD1488,Running,univation,SOC 6 EP
NLD1565,Running,univation,SOC 6 EP
NLD1629,Down,univation,SOC 6 EP
NLD1879,Running,,SOC 6 EP
NLD3537,Running,univation,SOC 6 EP
NLD3538,Running,univation,SOC 6 EP
NLD3558,Running,univation,SOC 6 EP
NLD3564,Running,univation,SOC 6 EP
NLD3578,Running,univation,SOC 6 EP
NLD3633,Running,univation,SOC 6 EP
NLD3654,Running,univation,SOC 6 EP
NLD1608,Running,univation,SOC 6 EP
NLD1396,Running,impounding area Diokno Pasay,SOC 11
CCI4369,Running,univation,SOC 11
CCI4368,Running,univation,SOC 5 EP
CCI4367,Running,univation,SOC 5 EP
CCI4398,Down,univation,SOC 5 EP
CCI4377,Running,univation,SOC 5 EP
CCI4384,Down,univation,SOC 5 EP
CCI4389,Running,,SOC 5 EP
CCI4374,Running,univation,SOC 5 EP
CCI4359,Running,univation,SOC 5 EP
CCI4358,Running,univation,SOC 5 EP
CCI4379,Running,univation,SOC 5 EP
CCI4378,Running,univation,SOC 5 EP
CCI4355,Running,univation,SOC 5 EP
CCI4365,Running,univation,SOC 5 EP
CCI4375,Down,,SOC 5 EP
CCI4356,Down,univation,SOC 5 EP
CCI4386,Down,univation,SOC 5 EP
CCI4364,Running,univation,SOC 5 EP
CCI4366,Running,univation,SOC 5 EP
CCI4385,Running,univation,SOC 5 EP
NDA3398,Down,univation,SOC 5 EP
NDA3405,Running,univation,SOC 5 EP
NDA3401,Running,univation,SOC 5 EP
NDA3395,Running,univation,SOC 5 EP
NDZ5475,Running,univation,SOC 5 EP
NDZ5477,Running,univation,SOC 5 EP
NDZ5488,Running,,SOC 5 EP
NDZ5487,Running,univation,SOC 5 EP
NEW2749,Down,univation,SOC 5 EP
NEW2746,Down,univation,SOC 5 EP
NEW2748,Down,univation,SOC 5 EP
NEW2750,Running,,SOC 5 EP
NEW5166,Running,isuzu pasig,SOC 5 EP
NEW2759,Running,univation,SOC 5 EP
NEW2764,Running,univation,SOC 5 EP
NEW2767,Running,univation,SOC 5 EP
NEW5167,Running,univation,SOC 5 EP
NEW5169,Running,BTLC,SOC 5 EP
NEW5179,Running,univation,SOC 5 EP
NEW5164,Running,univation,SOC 5 EP
NEW5171,Down,univation,SOC 5 EP
NEO3012,Running,univation,SOC 5 EP
NEO3008,Running,univation,SOC 5 EP
NEO3015,Down,univation,SOC 5 EP
NEO3017,Running,Univation,SOC 5 EP
NEO9854,Down,univation,SOC 11
NEO9845,Running,univation,SOC 5 EP
NEV9330,Running,univation,SOC 5 EP
NEV9341,Running,univation,SOC 5 EP
NEV9332,Down,univation,SOC 5 EP
NEV9338,Running,univation,SOC 5 EP
NEV9340,Running,univation,SOC 5 EP
NEV9336,Running,univation,SOC 5 EP
NEV9343,Running,univation,SOC 5 EP
NEO9843,Down,univation,SOC 5 EP
NEX4214,Running,univation,SOC 5 EP
NEX4215,Running,univation,SOC 5 EP
NEX4217,Down,univation,SOC 5 EP
NEX4221,Running,univation,SOC 5 EP
NEX4225,Running,univation,SOC 5 EP
NEX4212,Running,univation,SOC 5 EP
NEX4227,Running,univation,SOC 5 EP
NEX4223,Down,,SOC 5 EP
NEX4228,Running,univation,SOC 5 EP
NEX4224,Running,univation,SOC 5 EP
NEX4222,Running,univation,SOC 5 EP
NEX4226,Running,univation,SOC 5 EP
NGQ5759,Down,univation,SOC 5 EP
NGQ5768,Down,univation,SOC 5 EP
NGQ5760,Running,univation,SOC 5 EP
NGQ5746,Running,univation,SOC 5 EP
NGQ5747,Running,univation,SOC 5 EP
NGQ5750,Down,,SOC 5 EP
NEW2762,Running,univation,SOC 5 EP
NGQ5825,Down,SOC6,SOC 5 EP
NGQ5751,Running,univation,SOC 5 EP
NGQ5752,Down,univation,SOC 5 EP
NGQ5820,Down,univation,SOC 5 EP
NGQ5821,Down,univation,SOC 11
NGQ5831,Running,univation,SOC 5 EP
NGQ5826,Running,univation,SOC 5 EP
NGQ5822,Running,univation,SOC 11
NGQ5828,Running,univation,SOC 5 EP
NGQ5774,Running,,SOC 5 EP
NGQ5816,Running,univation,SOC 5 EP
NID5954,Running,univation,SOC 5 EP
NEO3005,Running,univation,SOC 5 EP
NEO9850,Running,univation,SOC 5 EP
NID5955,Running,univation,SOC 5 EP
NGQ5832,Running,univation,SOC 5 EP
NGQ5773,Running,univation,SOC 5 EP
NGQ5815,Down,univation,SOC 5 EP
NGQ5818,Running,univation,SOC 5 EP
NID5929,Running,univation,SOC 5 EP
NID5952,Down,univation,SOC 5 EP
NID5944,Down,univation,SOC 5 EP
NIE1499,Down,univation,SOC 5 EP
NIE1515,Running,,SOC 5 EP
NGQ5771,Down,univation,SOC 5 EP
NIE1514,Running,univation,SOC 5 EP
NIE1511,Down,univation,SOC 5 EP
NID5943,Running,univation,SOC 11
NID5931,Running,,SOC 5 EP
NEX4230,Down,,SOC 5 EP
NID5941,Down,univation,SOC 5 EP
CBB4128,Running,univation,SOC 5 EP
CBB4121,Running,univation,SOC 5 EP
CBB4118,Running,univation,SOC 5 EP
CBB4134,Running,univation,SOC 5 EP
CBB4131,Running,univation,SOC 5 EP
CBB4127,Running,univation,SOC 5 EP
NGQ5762,Running,,SOC 5 EP
NGQ5814,Running,,SOC 5 EP
NID5927,Running,,SOC 5 EP
NIE1506,Running,,SOC 5 EP
NID5935,Running,,SOC 5 EP
NIE1510,Running,,SOC 5 EP
NIE1513,Running,,SOC 5 EP
NIE1504,Down,,SOC 5 EP
NID5946,Down,,SOC 5 EP
NIE1516,Running,,SOC 5 EP
CBB4160,Running,,SOC 5 EP
CBB4161,Running,,SOC 5 EP
CBB4165,Running,,SOC 5 EP
CBB4169,Down,,SOC 5 EP
CBB4171,Running,,SOC 5 EP
CBB4174,Running,,SOC 5 EP
CBB4179,Down,,SOC 5 EP
CBB4182,Down,,SOC 5 EP
CBB4183,Down,,SOC 5 EP
CBB4184,Down,,SOC 5 EP
CBB4185,Running,,SOC 5 EP
CBB4187,Running,,SOC 5 EP
CBB4188,Running,,SOC 5 EP
CBB4190,Running,,SOC 11
CBB4191,Down,,SOC 5 EP
CBB4193,Down,,SOC 5 EP
CBB4194,Down,,SOC 5 EP
CBB4195,Down,,SOC 11
CBB4197,Running,,SOC 5 EP
CBB4198,Running,,SOC 5 EP
CBB4201,Running,,SOC 5 EP
CBB4202,Running,,SOC 5 EP
NID5949,Running,,SOC 5 EP
CBB4129,Running,,SOC 5 EP
CBB4173,Running,,SOC 5 EP
NFC4858,Running,,SOC 11
NFC4872,Down,,SOC 5 EP
NFI1276,Down,,SOC 5 EP
NFI1334,Down,,SOC 5 EP
CDB3413,Down,,SOC 5 EP
CDB3425,Running,,SOC 5 EP
NJI3722,Running,,SOC 6 EP
NJI3021,Running,,SOC 6 EP
NJI2921,Running,,SOC 6 EP
CDB3417,Running,,SOC 6 EP
CDB3428,Running,,SOC 6 EP
NJI3011,Down,,SOC 6 EP
NJI3032,Down,,SOC 5 EP
NJI3512,Down,,SOC 5 EP
NJI3561,Down,,SOC 5 EP
NJI3692,Down,,SOC 5 EP
NJI3082,Down,,SOC 5 EP
NJI3601,Down,,SOC 5 EP
NJI3522,Down,,SOC 5 EP
NJI3101,Down,,SOC 5 EP
NJI3521,Down,,SOC 5 EP
NJI3672,Down,,SOC 5 EP
NJI3041,Down,,SOC 5 EP
NJI3631,Down,,SOC 5 EP
NJI3552,Down,,SOC 5 EP
NJI3691,Down,,SOC 5 EP
NJI3592,Down,,SOC 5 EP
NJI3092,Down,,SOC 5 EP
NJI3081,Down,,SOC 5 EP
NJI3542,Down,,SOC 5 EP
NJI3562,Down,,SOC 5 EP
NJI3541,Down,,SOC 5 EP
NJI3531,Down,,SOC 5 EP
NJI3591,Down,,SOC 5 EP
NJI3091,Down,,SOC 5 EP
NJI3102,Down,,SOC 5 EP
NJI3582,Down,,SOC 5 EP
NJI3042,Down,,SOC 5 EP
NJI3571,Down,,SOC 5 EP
NJI3551,Down,,SOC 5 EP
NJI3532,Down,,SOC 5 EP
NJI3642,Running,,SOC 5 EP
NJI3192,Running,,SOC 6 EP
NJI2851,Running,,SOC 5 EP
NJI3001,Running,,SOC 6 EP
NJI2711,Down,,SOC 5 EP
NJI3652,Running,,SOC 5 EP
NJI3432,Running,,SOC 6 EP
NJI2682,Running,,SOC 6 EP
NJI3421,Running,,SOC 5 EP
NJI2821,Running,,SOC 5 EP
NJI3472,Running,,SOC 5 EP
NJI3442,Running,,SOC 6 EP
NJI2641,Down,,SOC 6 EP
NJI3491,Running,,SOC 5 EP
NJI3501,Running,,SOC 5 EP
NJI2942,Running,,SOC 5 EP
NJI2692,Running,,SOC 5 EP
NJI2811,Running,,SOC 5 EP
NJI2721,Running,,SOC 5 EP
NJI2861,Running,,SOC 5 EP
NJI2822,Running,,SOC 6 EP
NJI3651,Running,,SOC 6 EP
NJI2671,Running,,SOC 5 EP
NJI2792,Running,,SOC 5 EP
NJI2651,Running,,SOC 5 EP
NJI2992,Running,,SOC 8
NJI3171,Running,,SOC 5 EP
NJI3641,Running,,SOC 6 EP
NJI3451,Running,,SOC 6 EP
NJI2981,Running,,SOC 6 EP
NJI3452,Running,,SOC 6 EP
NJI2681,Down,,SOC 5 EP
NJI3572,Down,,SOC 6 EP
NJI3031,Down,,SOC 5 EP
NJL3252,Running,,SOC 5 EP
NJL2262,Running,,SOC 6 EP
NJL2865,Running,,SOC 9
NJL2866,Running,,SOC 9
NJI1861,Running,,SOC 6 EP
NJI3272,Running,,SOC 6 EP
NJI3252,Down,,SOC 6 EP
NJI3232,Running,,SOC 6 EP
NJI2931,Running,,SOC 6 EP
NJI2722,Running,,SOC 6 EP
NJI3392,Running,,SOC 6 EP
NJI2762,Down,,SOC 6 EP
NJI1592,Running,,SOC 6 EP
NJI2771,Down,,SOC 6 EP
NJI3261,Running,,SOC 6 EP
NJI2752,Running,,SOC 6 EP
NJI3382,Running,,SOC 6 EP
NJI3212,Down,,SOC 6 EP
NJI2761,Down,,SOC 9
NJI2751,Running,,SOC 9
NJI2742,Running,,SOC 9
NJI2912,Running,,SOC 9
NJI3321,Running,,SOC 9
NJI3322,Down,,SOC 9
NJI3402,Down,,SOC 9
NJI3142,Running,,SOC 9
NJI3241,Running,,SOC 9
NJI3121,Running,,SOC 9
NJI3182,Down,,SOC 9
NJI3371,Running,,SOC 9
NJI2932,Down,,SOC 9
NJI3362,Down,,SOC 9
NJI2922,Running,,SOC 6 EP
NJI2781,Running,,SOC 9
NJI3352,Running,,SOC 6 EP
NJI3222,Running,,SOC 9
NJI2732,Running,,SOC 6 EP
NJI3052,Down,,SOC 6 EP
NJI3391,Running,,SOC 9
NJI3361,Running,,SOC 9
NJI2741,Running,,SOC 9
NJI2782,Down,,SOC 9
NJI3072,Running,,SOC 9
NJI2902,Running,,SOC 9
NJI3381,Running,,SOC 6 EP
NJI3061,Running,,SOC 6 EP
NJI2731,Running,,SOC 9
NJI3312,Running,,SOC 6 EP
NJL2895,Running,,SOC 6 EP
NJL2863,Down,,SOC 9
NJL3249,Down,,SOC 9
NJI3151,Running,,SOC 9
NJI3062,Down,,SOC 6 EP
NJI2772,Running,,SOC 9
NJL2867,Down,,SOC 6 EP
NJL2266,Running,,SOC 9
NJL2870,Running,,SOC 9
NJL2892,Down,,SOC 9
NJL2264,Running,,SOC 6 EP
NJL3250,Running,,SOC 9
NJL2898,Running,,SOC 9
NJI3711,Running,,SOC 6 EP
NJI2882,Running,,SOC 6 EP
NJI2941,Running,,SOC 6 EP
NJI3132,Running,,SOC 6 EP
NJI3141,Running,,SOC 6 EP
NJI3681,Running,,SOC 6 EP
NJI3331,Running,,SOC 6 EP
NJI3251,Running,,SOC 6 EP
NJI3201,Running,,SOC 6 EP
NJI3412,Running,,SOC 9
NJI3262,Running,,SOC 6 EP
NJI3271,Running,,SOC 9
NJI3341,Down,,SOC 9
NJI3211,Running,,SOC 9
NJL2889,Down,,SOC 9
NJL2862,Down,,SOC 9
NJL2897,Running,,SOC 9
NJL2869,Running,,SOC 9
NJI3581,Down,,SOC 9
NJI3112,Down,,SOC 5 EP
NJI3712,Down,,SOC 5 EP
NJI3411,Running,,SOC 6 EP
NJI3231,Running,,SOC 6 EP
NLE8501,Running,,SOC 9
NJI3071,Running,,SOC 9
NJI3342,Running,,SOC 9
NJL2868,Running,,SOC 6 EP
NJL2896,Down,,SOC 9
NJL2864,Running,,SOC 6 EP
NEZ6979,Running,,SOC 9
NJL2890,Running,,SOC 6 EP
NJL3248,Running,,SOC 6 EP
NJI3332,Running,,SOC 6 EP
NJI3202,Down,,SOC 6 EP
NJL2893,Running,,SOC 6 EP
NJL3247,Running,,SOC 9
NJI3221,Running,,SOC 6 EP
NJI3122,Running,,SOC 6 EP
NJI3351,Running,,SOC 6 EP
NJI3372,Running,,SOC 6 EP
NJI3311,Down,,SOC 6 EP
NJI2911,Down,,SOC 9
NJL3251,Down,,SOC 9
NJI3242,Down,,SOC 9
NJI3401,Running,,SOC 6 EP
NJI2872,Running,,SOC 6 EP
NEV9334,Down,,SOC 6 EP
NFI1275,Down,,SOC 6 EP
NFI1277,Down,,SOC 6 EP
NDA3397,Running,,SOC 6 EP
NEO3016,Down,,SOC 6 EP
NEO9852,Running,,SOC 5 EP
NID5951,Running,,SOC 6 EP
NFI1337,Down,,SOC 6 EP
NFI1336,Down,,SOC 6 EP
NGQ5748,Down,,SOC 6 EP
NID5953,Down,,SOC 6 EP
NID5928,Running,,SOC 6 EP
NID5940,Running,,SOC 6 EP
NIE1505,Running,,SOC 6 EP
NLD3583,Running,,SOC 6 EP
NLD1483,Down,,SOC 6 EP
NLD3515,Running,,SOC 6 EP
NLD3656,Down,,SOC 6 EP
NLD3507,Down,,SOC 6 EP
NLD3547,Running,,SOC 6 EP
NLD3563,Running,,SOC 6 EP
NID5950,Running,,SOC 6 EP
NEO9847,Running,,SOC 5 EP
NJI2662,Running,,SOC 5 EP
NJI2802,Running,,SOC 8
NJI3662,Running,,SOC 5 EP
NJI2712,Running,,SOC 9
NJI2982,Running,,SOC 5 EP
NJI2952,Running,,SOC 5 EP
NJI2622,Down,,SOC 5 EP
NJI3022,Down,,SOC 5 EP
NJI3012,Down,,SOC 5 EP
NJI3731,Down,,SOC 5 EP
CDB3427,Down,,SOC 5 EP
CDB3414,Down,,SOC 5 EP
NJI3051,Down,,SOC 5 EP
CDB3418,Down,,SOC 5 EP
CDB3422,Down,,SOC 5 EP
NJI3002,Down,,SOC 5 EP
CDB3416,Down,,SOC 5 EP
CDB3426,Down,,SOC 5 EP
CDB3420,Down,,SOC 5 EP
CDB3424,Down,,SOC 5 EP
CDB3412,Down,,SOC 5 EP
CDB3423,Down,,SOC 5 EP
CDB3415,Down,,SOC 5 EP
CDB3419,Down,,SOC 5 EP
NJI3682,Down,,SOC 5 EP
CDB3410,Down,,SOC 5 EP
CDB3411,Down,,SOC 5 EP
CDB3421,Down,,SOC 5 EP
NEW2761,Running,,SOC 5 EP
NEO3014,Running,,SOC 11
NGQ5829,Running,,SOC 11
CBB4164,Down,,SOC 11
CBB4170,Running,,SOC 11
CBB4189,Down,,SOC 11
NLD3319,Running,,SOC 11
NID5934,Down,,SOC 11
NIE1498,Running,,SOC 11
NIE1508,Running,,SOC 11
CBB4167,Running,,SOC 11
CBB4168,Down,,SOC 11
CBB4180,Running,,SOC 11
CBB4186,Down,,SOC 11
CBB4196,Running,,SOC 11
CBB4199,Running,,SOC 11
NEO9849,Down,,SOC 11
NEW5178,Down,,SOC 11
NEO3009,Running,,SOC 11
NLD3652,Running,,SOC 11
NEV9333,Running,,SOC 11
NGQ5834,Running,,SOC 11
NGQ5817,Running,,SOC 11
NLD3616,Running,,SOC 11
NGQ5764,Down,,SOC 11
CBB4163,Running,,SOC 11
CBB4177,Running,,SOC 11
CBB4162,Down,,SOC 11
NLD3657,Running,,SOC 11
NLD3673,Running,,SOC 11
NLD3699,Running,,SOC 11
NLD1385,Running,,SOC 11
NLD3613,Running,,SOC 11
NIE1501,Running,,SOC 11
NEW5180,Running,,SOC 11
NGQ5830,Running,,SOC 11
NGQ5755,Running,,SOC 11
NLD3523,Running,,SOC 11
NLD3516,Running,,SOC 11
NLD3649,Running,,SOC 11
NEX4233,Running,,SOC 11
NDZ5484,Running,,SOC 11
NLD3485,Running,,SOC 11
NGQ5763,Running,,SOC 11
NEW5170,Running,,SOC 11
NID5939,Running,,SOC 11
NEO3011,Running,,SOC 11
CBB4124,Down,,SOC 11
CBB4158,Running,,SOC 11
CBB4159,Running,,SOC 11
NGQ5757,Running,,SOC 11
NGQ5753,Down,,SOC 11
CBB4172,Running,,SOC 11
NID5942,Running,,SOC 11
NEO9855,Running,,SOC 11
NDA3399,Running,,SOC 11
NEO9844,Running,,SOC 11
NEX4231,Running,,SOC 11
NDZ5480,Running,,SOC 11
NID5933,Running,,SOC 11
NEW2766,Down,,SOC 11
NGQ5767,Running,,SOC 11
CBB4166,Down,,SOC 11
CBB4178,Down,,SOC 11
NIE1509,Running,,SOC 11
NLJ9298,Running,,SOC 11
NLJ9296,Running,,SOC 5 EP
NLJ9299,Running,,SOC 5 EP
NLJ9287,Down,,SOC 5 EP
NLJ9295,Running,,SOC 5 EP
NLJ9282,Running,,SOC 5 EP
NLJ9293,Down,,SOC 5 EP
NLJ9294,Running,,SOC 5 EP
NLJ9292,Down,,SOC 5 EP
NLJ9286,Running,,SOC 5 EP
NLJ9342,Running,,SOC 5 EP
NLJ9285,Running,,SOC 5 EP
NLJ9288,Running,,SOC 5 EP
NLJ9301,Running,,SOC 5 EP
NLJ9291,Running,,SOC 5 EP
NLK1264,Down,,SOC 5 EP
NLK1276,Running,,SOC 6 EP
NLK1273,Running,,SOC 6 EP
NLK1261,Running,,SOC 6 EP
NLK1277,Running,,SOC 6 EP
NLK1274,Running,,SOC 6 EP
NLK1265,Running,,SOC 6 EP
NLK1262,Running,,SOC 6 EP
NLJ9340,Running,,SOC 6 EP
NLK1271,Running,,SOC 6 EP
NLK1267,Running,,SOC 6 EP
CDB4805,Running,,SOC 6 EP
CDB4804,Running,,SOC 6 EP
CDB4798,Running,,SOC 6 EP
CDB4808,Running,,SOC 6 EP
CDB4800,Running,,SOC 6 EP
CDB4794,Running,,SOC 6 EP
CDB4807,Running,,SOC 6 EP
CDB4802,Down,,SOC 6 EP
CDB4814,Running,,SOC 6 EP
CDB4801,Running,,SOC 6 EP
NLK1269,Running,,SOC 6 EP
NLK1270,Down,,SOC 6 EP
NLK1266,Running,,SOC 6 EP
NLK1272,Running,,SOC 6 EP
NLJ9339,Down,,SOC 6 EP
NLK1263,Running,,SOC 6 EP
NLK1268,Down,,SOC 6 EP
NLK1275,Running,,SOC 6 EP
CDB4809,Running,,SOC 6 EP
CDB4797,Running,,SOC 5 EP
CDB4793,Down,,SOC 5 EP
CDB4810,Down,,SOC 5 EP
CDB4811,Running,,SOC 5 EP
CDB4813,Running,,SOC 5 EP
CDB4927,Running,,SOC 5 EP
CDB4799,Down,,SOC 5 EP
CDB4803,Running,,SOC 5 EP
CDB4795,Running,,SOC 5 EP
CDB4812,Down,,SOC 5 EP
NLJ9336,Running,,SOC 5 EP
NLJ9284,Running,,SOC 5 EP
NLJ9337,Running,,SOC 5 EP
NLJ9352,Running,,SOC 5 EP
NLJ9606,Running,,SOC 5 EP
NLJ9343,Running,,SOC 5 EP
NLJ9341,Running,,SOC 5 EP
NLJ9290,Running,,SOC 5 EP
NLJ9300,Down,,SOC 5 EP
NLJ9607,Running,,SOC 5 EP
NLJ9289,Down,,SOC 5 EP
NLJ9283,Down,,SOC 5 EP
NLJ9297,Down,,SOC 5 EP
NLJ9338,Running,,SOC 5 EP
NLJ9351,Running,,SOC 5 EP
NLJ9353,Running,,SOC 5 EP
NJI2702,Running,,SOC 6 EP
NLK3846,Down,,SOC 5 EP
NLK3850,Running,,SOC 5 EP
NLK3849,Running,,SOC 5 EP
NLK3844,Running,,SOC 5 EP
NLK3840,Running,,SOC 5 EP
NLK3841,Running,,SOC 5 EP
NLK3599,Running,,SOC 5 EP
NLK3600,Down,,SOC 5 EP
NLK3839,Running,,SOC 5 EP
NLK3838,Down,,SOC 5 EP
NLK3845,Down,,SOC 5 EP
NLK3848,Down,,SOC 5 EP
NLK3835,Running,,SOC 5 EP
NLK3843,Running,,SOC 5 EP
NLK3847,Running,,SOC 5 EP
NLK3842,Running,,SOC 5 EP
NLK3851,Running,,SOC 5 EP
NLK3587,Running,,SOC 5 EP
NLK3597,Running,,SOC 5 EP
NLK3836,Down,,SOC 5 EP
NLK3837,Running,,SOC 5 EP
NLK3589,Running,,SOC 5 EP
NLK3596,Running,,SOC 5 EP
NLK3882,Running,,SOC 5 EP
